id,category,tweet
8ce077a1-12fa-40b0-a0eb-e7809baa876c,BuiltWith,Just launched TweetX â€” a lightweight tweet automation CLI & dashboard. #RubyDev #BuiltWithSinatra
be73629d-b3ad-4b80-91f7-fea5cd081d79,Devtip,Take breaks. Your brain needs rest to solve hard things. #DevTips #Productivity
300f9a34-f481-43aa-bc8f-fcd590d4973e,Branding,A strong online brand opens doors code canâ€™t. #DevCareer #PersonalGrowth
6db7067f-193f-4708-883e-9d3964e8996f,Devtip,Understand the problem before solving it. Rushing code is expensive. #Debugging #DevWisdom
d91f398a-acc0-40a8-a197-7dc5b159fe5c,Ebook,I bundled 5 years of branding lessons into 50 pages. Start here â†’ [link] #EbookPromo
fab7c4c9-c678-4054-9b0d-ff9f11c8f737,BuiltWith,Used Sinatra + Bootstrap to build a local tweet dashboard. Lightweight and effective. #BuiltWith #DevTools
3ca8b526-afbe-4463-8cbe-e71b3497c81c,BuiltWith,"Built a tweet scheduler using CSV, GitHub Actions, and love. #BuiltWithRuby #TweetX"
8b4fbce4-7ff7-4efb-8c15-01b2926feddc,Devtip,"Comment *why*, not *what*. Your future self will thank you. #CodeReview #DeveloperLife"
cd204dac-c169-415f-b5f0-98f2e37b6379,Branding,Showcase your projects. Donâ€™t ship silently. #BuildInPublic #Branding
51e9f069-d17a-4d2f-b8b5-1f61e0022d52,BuiltWith,Just added â€œTweet Nowâ€ to the dashboard. Instant tweeting with preview! #TweetX #DevLife
a9ee78a1-ea31-4db0-892f-c2e3bee1de15,Ebook,"Ebook now live: Personal Branding for Developers. Learn how to get noticed, hired, and followed. #DevTips #EbookDrop"
6561bef0-883e-4b51-b4b6-b4a9105cbe7c,Branding,Be known for something. Clarity builds credibility. #BrandFocus #DevIdentity
a3467024-eadb-4211-91fd-783a2f0ff317,Ebook,"ðŸš€ Just launched my ebook on building your dev brand! Real tips, real examples. Check it out. #EbookLaunch #DevGrowth"
b0ed75d0-cbb9-4487-a113-167e2487eb81,Motivation,"Progress > Perfection. Move forward, even if itâ€™s 1%. #ConsistencyWins #KeepGoing"
14fb48d1-4af4-4515-a064-5c142b8e1667,BuiltWith,Every tweet you see here? Scheduled with TweetX. Open source + dashboard. #BuildInPublic
6e5fb343-da0a-4722-8750-cee5d45c9ac9,Ebook,ðŸ“˜ Bonus chapter added! How to set up custom domains and emailâ€”without breaking the bank. #Freebie #DevEbook
9252034d-56c1-4bec-90e6-7def7a9a45d1,Devtip,Master one language deeply before chasing the next. Depth > breadth. #CodeBetter #DevMindset
609d0b05-775b-4ce0-8d7e-1a67e1f5d710,Ebook,Everything I wish I knew starting outâ€”compiled in this dev-focused ebook. #EbookLaunch #CodeToBrand
83b41b0e-57a5-480b-889e-9420e177ea77,Devtip,Donâ€™t chase frameworks. Learn the fundamentals. They last. #DevAdvice #BuildBetter
b3884c43-ed0f-447c-8b2e-d6c0a4932b0a,Motivation,Want to be confident? Keep promises you make to yourself. #SelfDiscipline #Motivation
83910cde-c253-4e7d-ab99-3d9e560d47e1,Ebook,Every developer has a brand. Itâ€™s either intentional or invisible. My ebook helps you shape it. #BrandingForDevs
46a71829-a6e7-426d-9c8d-d9dd76c49291,Motivation,Every expert was once a beginner. Donâ€™t compare your start to someoneâ€™s peak. #Motivation #LearnDaily
f58e4bc7-f5e5-42b7-8861-f8acb8de43ea,Branding,Branding isnâ€™t fake. Itâ€™s the story you tell by showing up. #BuildTrust #DevBrand
16df59a8-06df-46a0-bf99-aaf5e96a03ae,Devtip,Naming things well is underrated. Clarity wins. #CodeTips #Readability
cc814db9-cdcc-48c2-8ff5-2d7ccc1338ec,Branding,Your GitHub is your new resume. Make it shine. #PersonalBrand #BuildInPublic
